{
  "project_info": {
    "project_number": "389968657253",
    "project_id": "uhc---university-health-care",
    "storage_bucket": "uhc---university-health-care.appspot.com"
  },
  "client": [
    {
      "client_info": {
        "mobilesdk_app_id": "1:389968657253:android:d1491d588bd1f46f663f8c",
        "android_client_info": {
          "package_name": "com.example.uhc_universityhealthcare"
        }
      },
      "oauth_client": [],
      "api_key": [
        {
          "current_key": "AIzaSyBTglCzGgQqHpiXQ1aSByU_XeO66GNssR4"
        }
      ],
      "services": {
        "appinvite_service": {
          "other_platform_oauth_client": []
        }
      }
    }
  ],
  "configuration_version": "1"
}